{
  "_fv": 39,
  "_type": "achievement",
  "definition": {
    "achievementName": "Dust Collector",
    "achievementDescription": "Collect all types of Dust.",
    "achievementIcon": {
      "value": "CUSTOM:DiamondDust"
    },
    "background": "Default",
    "disableDisplay": false,
    "showPopup": true,
    "announceToChat": true,
    "hideIfNotCompleted": false,
    "rewardLoot": [],
    "rewardRecipes": [
      "Cruingot"
    ],
    "rewardFunction": "No function",
    "rewardXP": 1,
    "achievementType": "task",
    "parent": {
      "value": "CUSTOM:MixedOrehello"
    },
    "triggerxml": "<xml xmlns=\"https://developers.google.com/blockly/xml\"><block type=\"custom_trigger\" x=\"194\" y=\"-49\"><next><block type=\"advancement_trigger\"></block></next></block></xml>"
  }
}