{
  "_fv": 39,
  "_type": "achievement",
  "definition": {
    "achievementName": "Mixed Ore",
    "achievementDescription": "Welcome to the Mixed Ore Mod.",
    "achievementIcon": {
      "value": "CUSTOM:MixedOre"
    },
    "background": "Default",
    "disableDisplay": false,
    "showPopup": false,
    "announceToChat": false,
    "hideIfNotCompleted": false,
    "rewardLoot": [],
    "rewardRecipes": [],
    "rewardFunction": "No function",
    "rewardXP": 0,
    "achievementType": "task",
    "parent": {
      "value": "No parent: root"
    },
    "triggerxml": "<xml xmlns=\"https://developers.google.com/blockly/xml\"><block type=\"tick\" x=\"53\" y=\"75\"><next><block type=\"advancement_trigger\" deletable=\"false\"></block></next></block></xml>"
  }
}