{
  "_fv": 39,
  "_type": "achievement",
  "definition": {
    "achievementName": "Strong tools and armor!",
    "achievementDescription": "Obtain a tool or armor that mixes minerals.",
    "achievementIcon": {
      "value": "CUSTOM:MixedOrePickAxe"
    },
    "background": "Default",
    "disableDisplay": false,
    "showPopup": true,
    "announceToChat": true,
    "hideIfNotCompleted": false,
    "rewardLoot": [],
    "rewardRecipes": [],
    "rewardFunction": "No function",
    "rewardXP": 2,
    "achievementType": "goal",
    "parent": {
      "value": "CUSTOM:Dustmixed"
    },
    "triggerxml": "<xml xmlns=\"https://developers.google.com/blockly/xml\"><block type=\"custom_trigger\" x=\"48\" y=\"43\"><next><block type=\"advancement_trigger\" deletable=\"false\"></block></next></block></xml>"
  }
}