{
  "_fv": 39,
  "_type": "achievement",
  "definition": {
    "achievementName": "Mixed ore master",
    "achievementDescription": "Get a full set of mixed ore.",
    "achievementIcon": {
      "value": "CUSTOM:MixedOrea.body"
    },
    "background": "Default",
    "disableDisplay": false,
    "showPopup": true,
    "announceToChat": true,
    "hideIfNotCompleted": false,
    "rewardLoot": [],
    "rewardRecipes": [],
    "rewardFunction": "No function",
    "rewardXP": 3,
    "achievementType": "goal",
    "parent": {
      "value": "CUSTOM:MixedOretools"
    },
    "triggerxml": "<xml xmlns=\"https://developers.google.com/blockly/xml\"><block type=\"custom_trigger\" x=\"40\" y=\"51\"><next><block type=\"advancement_trigger\" deletable=\"false\"></block></next></block></xml>"
  }
}