{
  "_fv": 39,
  "_type": "dimension",
  "definition": {
    "biomesInDimension": [
      {
        "value": "CUSTOM:Deepstale"
      },
      {
        "value": "CUSTOM:Netherstone"
      }
    ],
    "worldGenType": "Nether like gen",
    "mainFillerBlock": {
      "value": "Blocks.STONE#0"
    },
    "fluidBlock": {
      "value": "Blocks.AIR"
    },
    "airColor": {
      "value": -11513776,
      "falpha": 0.0
    },
    "canRespawnHere": false,
    "hasFog": false,
    "isDark": true,
    "doesWaterVaporize": false,
    "sleepResult": "DENY",
    "hasSkyLight": false,
    "imitateOverworldBehaviour": false,
    "portalFrame": {
      "value": "Blocks.DIAMOND_ORE"
    },
    "portalParticles": {
      "value": "PORTAL"
    },
    "portalLuminance": 15,
    "portalSound": {
      "value": ""
    },
    "igniterName": "Mixed Ore Flint And Steel",
    "igniterTab": {
      "value": "CUSTOM:MixedOreT"
    },
    "texture": "mixedoreflint_and_steel",
    "portalTexture": "mixed_ore",
    "enablePortal": true
  }
}