{
  "type": "minecraft:crafting_shaped",
  "pattern": [
    "012",
    "345",
    " 7 "
  ],
  "key": {
    "0": {
      "item": "mixed_ore:mixed_ore_block"
    },
    "1": {
      "item": "mixed_ore:mixed_ore_block"
    },
    "2": {
      "item": "mixed_ore:mixed_ore_block"
    },
    "3": {
      "item": "minecraft:stone"
    },
    "4": {
      "item": "minecraft:stick"
    },
    "5": {
      "item": "minecraft:stone"
    },
    "7": {
      "item": "minecraft:stick"
    }
  },
  "result": {
    "item": "mixed_ore:mixed_ore_pick_axe",
    "count": 1
  }
}