{
  "_fv": 39,
  "_type": "rangeditem",
  "definition": {
    "renderType": 0,
    "texture": "mixedoregodbow",
    "customModelName": "Normal",
    "name": "Mixed Ore Bow",
    "specialInfo": [],
    "creativeTab": {
      "value": "No creative tab entry"
    },
    "stackSize": 1,
    "ammoItem": {
      "value": ""
    },
    "shootConstantly": false,
    "usageCount": 0,
    "actionSound": {
      "value": "entity.arrow.shoot"
    },
    "hasGlow": true,
    "animation": "none",
    "enableMeleeDamage": false,
    "damageVsEntity": 0.0,
    "bulletPower": 5.0,
    "bulletDamage": 10.0,
    "bulletKnockback": 6,
    "bulletParticles": false,
    "bulletIgnitesFire": false,
    "bulletItemTexture": {
      "value": "CUSTOM:MixedOreBlock"
    },
    "bulletModel": "Default",
    "customBulletModelTexture": "",
    "onBulletHitsEntity": {
      "name": "Diefuck"
    }
  }
}