{
  "_fv": 39,
  "_type": "gui",
  "definition": {
    "type": 1,
    "width": 172,
    "height": 154,
    "inventoryOffsetX": 0,
    "inventoryOffsetY": -7,
    "renderBgLayer": true,
    "doesPauseGame": false,
    "components": [
      {
        "type": "inputslot",
        "data": {
          "inputLimit": {
            "value": ""
          },
          "disablePlacement": {
            "fixedValue": false
          },
          "id": 0,
          "disablePickup": {
            "fixedValue": false
          },
          "dropItemsWhenNotBound": true,
          "x": 171,
          "y": 73
        }
      },
      {
        "type": "outputslot",
        "data": {
          "id": 1,
          "disablePickup": {
            "fixedValue": false
          },
          "dropItemsWhenNotBound": true,
          "x": 229,
          "y": 73
        }
      },
      {
        "type": "label",
        "data": {
          "name": "label_ore_crusher",
          "text": {
            "fixedValue": "Ore Crusher"
          },
          "color": {
            "value": -12829636,
            "falpha": 0.0
          },
          "x": 188,
          "y": 46
        }
      },
      {
        "type": "image",
        "data": {
          "image": "ore__crushergui0.png",
          "use1Xscale": false,
          "x": 200,
          "y": 74
        }
      },
      {
        "type": "image",
        "data": {
          "image": "ore__crushergui1.png",
          "use1Xscale": false,
          "displayCondition": {
            "name": "Xianshi"
          },
          "x": 206,
          "y": 74
        }
      },
      {
        "type": "image",
        "data": {
          "image": "ore__crushergui2.png",
          "use1Xscale": false,
          "displayCondition": {
            "name": "Xians1"
          },
          "x": 206,
          "y": 74
        }
      },
      {
        "type": "image",
        "data": {
          "image": "ore__crushergui3.png",
          "use1Xscale": false,
          "displayCondition": {
            "name": "Xians2"
          },
          "x": 206,
          "y": 74
        }
      },
      {
        "type": "image",
        "data": {
          "image": "ore__crushergui4.png",
          "use1Xscale": false,
          "displayCondition": {
            "name": "Xians3"
          },
          "x": 206,
          "y": 74
        }
      },
      {
        "type": "image",
        "data": {
          "image": "ore__crushergui5.png",
          "use1Xscale": false,
          "displayCondition": {
            "name": "Xians4"
          },
          "x": 206,
          "y": 74
        }
      },
      {
        "type": "image",
        "data": {
          "image": "ore__crushergui6.png",
          "use1Xscale": false,
          "displayCondition": {
            "name": "Xians5"
          },
          "x": 206,
          "y": 74
        }
      },
      {
        "type": "image",
        "data": {
          "image": "ore__crushergui7.png",
          "use1Xscale": false,
          "displayCondition": {
            "name": "Xians6"
          },
          "x": 200,
          "y": 74
        }
      },
      {
        "type": "image",
        "data": {
          "image": "ore__crushergui.png",
          "use1Xscale": false,
          "displayCondition": {
            "name": "Xians"
          },
          "x": 200,
          "y": 74
        }
      }
    ],
    "gridSettings": {
      "sx": 18,
      "sy": 18,
      "ox": 11,
      "oy": 15,
      "snapOnGrid": false
    }
  }
}