{
  "_fv": 39,
  "_type": "recipe",
  "definition": {
    "recipeType": "Crafting",
    "xpReward": 0.0,
    "cookingTime": 200,
    "recipeRetstackSize": 1,
    "group": "",
    "recipeShapeless": false,
    "recipeSlots": [
      {
        "value": "CUSTOM:MixedOreBlock"
      },
      {
        "value": "CUSTOM:MixedOreBlock"
      },
      {
        "value": "CUSTOM:MixedOreBlock"
      },
      {
        "value": "CUSTOM:MixedOreBlock"
      },
      {
        "value": "CUSTOM:MixedOreIngot"
      },
      {
        "value": "CUSTOM:MixedOreBlock"
      },
      {
        "value": "CUSTOM:MixedOreBlock"
      },
      {
        "value": ""
      },
      {
        "value": "CUSTOM:MixedOreBlock"
      }
    ],
    "recipeReturnStack": {
      "value": "CUSTOM:MixedOrea.legs"
    },
    "name": "orr_8",
    "namespace": "mod"
  }
}