{
  "_fv": 39,
  "_type": "tag",
  "definition": {
    "type": "Items",
    "items": [
      {
        "value": "CUSTOM:MixedOreSword"
      },
      {
        "value": "CUSTOM:MixedOrePickAxe"
      },
      {
        "value": "CUSTOM:MixedOreAxe"
      },
      {
        "value": "CUSTOM:MixedOreShovel"
      },
      {
        "value": "CUSTOM:Mixedorehoe"
      },
      {
        "value": "CUSTOM:MixedOreBow"
      },
      {
        "value": "CUSTOM:MixedOreGod"
      },
      {
        "value": "CUSTOM:Mixedoregodbow"
      }
    ],
    "blocks": [],
    "functions": [],
    "entities": [],
    "biomes": [],
    "name": "toolmixedore",
    "namespace": "forge"
  }
}