{
  "_fv": 39,
  "_type": "recipe",
  "definition": {
    "recipeType": "Crafting",
    "xpReward": 0.0,
    "cookingTime": 200,
    "recipeRetstackSize": 1,
    "group": "",
    "recipeShapeless": false,
    "recipeSlots": [
      {
        "value": "CUSTOM:CoalDust"
      },
      {
        "value": "CUSTOM:EmeraldDust"
      },
      {
        "value": "CUSTOM:RedStoneDust"
      },
      {
        "value": "CUSTOM:CopperDust"
      },
      {
        "value": "Blocks.STONE#0"
      },
      {
        "value": "CUSTOM:LapisDust"
      },
      {
        "value": "CUSTOM:IronDust"
      },
      {
        "value": "CUSTOM:GoldDust"
      },
      {
        "value": "CUSTOM:DiamondDust"
      }
    ],
    "recipeReturnStack": {
      "value": "CUSTOM:MixedOreIngot"
    },
    "name": "cruingot",
    "namespace": "mod"
  }
}