{
  "_fv": 39,
  "_type": "tool",
  "definition": {
    "renderType": 0,
    "texture": "mixed_ore_hoe",
    "customModelName": "Normal",
    "name": "Mixed Ore Hoe",
    "specialInfo": [],
    "creativeTab": {
      "value": "CUSTOM:MixedOreT"
    },
    "toolType": "Hoe",
    "harvestLevel": 5,
    "efficiency": 15.5,
    "attackSpeed": 4.0,
    "enchantability": 18,
    "damageVsEntity": 7.9,
    "usageCount": 3610,
    "blocksAffected": [],
    "hasGlow": true,
    "repairItems": [
      {
        "value": "CUSTOM:MixedOreIngot"
      }
    ],
    "immuneToFire": true,
    "stayInGridWhenCrafting": false,
    "damageOnCrafting": false,
    "onItemInInventoryTick": {
      "name": "Xiaog2"
    }
  }
}