{
  "_fv": 39,
  "_type": "tool",
  "definition": {
    "renderType": 0,
    "texture": "mixed_ore_pickaxe",
    "customModelName": "Normal",
    "name": "Mixed Ore Pickaxe",
    "specialInfo": [],
    "creativeTab": {
      "value": "CUSTOM:MixedOreT"
    },
    "toolType": "Pickaxe",
    "harvestLevel": 5,
    "efficiency": 15.0,
    "attackSpeed": 1.65,
    "enchantability": 19,
    "damageVsEntity": 9.5,
    "usageCount": 3450,
    "blocksAffected": [],
    "hasGlow": true,
    "repairItems": [
      {
        "value": "CUSTOM:MixedOreIngot"
      }
    ],
    "immuneToFire": true,
    "stayInGridWhenCrafting": false,
    "damageOnCrafting": false,
    "onItemInInventoryTick": {
      "name": "Xiaog2"
    }
  }
}