{
  "_fv": 39,
  "_type": "tool",
  "definition": {
    "renderType": 0,
    "texture": "mixed_ore_axe",
    "customModelName": "Normal",
    "name": "Mixed Ore Axe",
    "specialInfo": [],
    "creativeTab": {
      "value": "CUSTOM:MixedOreT"
    },
    "toolType": "Axe",
    "harvestLevel": 5,
    "efficiency": 14.5,
    "attackSpeed": 1.69,
    "enchantability": 18,
    "damageVsEntity": 17.6,
    "usageCount": 3340,
    "blocksAffected": [],
    "hasGlow": true,
    "repairItems": [
      {
        "value": "CUSTOM:MixedOreIngot"
      }
    ],
    "immuneToFire": true,
    "stayInGridWhenCrafting": false,
    "damageOnCrafting": false,
    "onEntityHitWith": {
      "name": "Xg2"
    },
    "onItemInInventoryTick": {
      "name": "Xiaog3"
    }
  }
}