{
  "_fv": 34,
  "_type": "tool",
  "definition": {
    "renderType": 0,
    "texture": "mixed_ore_shovel",
    "customModelName": "Normal",
    "name": "Mixed Ore Shovel",
    "specialInfo": [],
    "creativeTab": {
      "value": "CUSTOM:MixedOreT"
    },
    "toolType": "Spade",
    "harvestLevel": 5,
    "efficiency": 15.0,
    "attackSpeed": 2.0,
    "enchantability": 17,
    "damageVsEntity": 8.5,
    "usageCount": 3840,
    "blocksAffected": [],
    "hasGlow": false,
    "repairItems": [
      {
        "value": "CUSTOM:MixedOreIngot"
      }
    ],
    "immuneToFire": true,
    "stayInGridWhenCrafting": false,
    "damageOnCrafting": false,
    "onItemInInventoryTick": {
      "name": "Xiaog2"
    }
  }
}