{
  "_fv": 34,
  "_type": "tool",
  "definition": {
    "renderType": 0,
    "texture": "mixed_ore_sword",
    "customModelName": "Normal",
    "name": "Mixed Ore Sword",
    "specialInfo": [],
    "creativeTab": {
      "value": "CUSTOM:MixedOreT"
    },
    "toolType": "Sword",
    "harvestLevel": 5,
    "efficiency": 14.0,
    "attackSpeed": 1.95,
    "enchantability": 18,
    "damageVsEntity": 13.2,
    "usageCount": 3750,
    "blocksAffected": [],
    "hasGlow": false,
    "repairItems": [
      {
        "value": "CUSTOM:MixedOreIngot"
      }
    ],
    "immuneToFire": true,
    "stayInGridWhenCrafting": false,
    "damageOnCrafting": false,
    "onEntityHitWith": {
      "name": "Xg"
    },
    "onItemInInventoryTick": {
      "name": "Xiaog"
    }
  }
}