{
  "_fv": 34,
  "_type": "tool",
  "definition": {
    "renderType": 0,
    "texture": "mixed_ore_sword_god",
    "customModelName": "Normal",
    "name": "Mixed Ore Sword",
    "specialInfo": [],
    "creativeTab": {
      "value": "No creative tab entry"
    },
    "toolType": "Sword",
    "harvestLevel": 128000,
    "efficiency": 128000.0,
    "attackSpeed": 100.0,
    "enchantability": 128000,
    "damageVsEntity": 21.9,
    "usageCount": 0,
    "blocksAffected": [],
    "hasGlow": false,
    "repairItems": [
      {
        "value": "CUSTOM:MixedOreBlock"
      }
    ],
    "immuneToFire": true,
    "stayInGridWhenCrafting": false,
    "damageOnCrafting": false,
    "onEntityHitWith": {
      "name": "Diefuck"
    },
    "onItemInInventoryTick": {
      "name": "Xiaogg"
    }
  }
}