{
  "_fv": 34,
  "_type": "rangeditem",
  "definition": {
    "renderType": 0,
    "texture": "mixedorebow",
    "customModelName": "Normal",
    "name": "Mixed Ore Bow",
    "specialInfo": [],
    "creativeTab": {
      "value": "CUSTOM:MixedOreT"
    },
    "stackSize": 1,
    "ammoItem": {
      "value": "CUSTOM:MixedOreIngot"
    },
    "shootConstantly": false,
    "usageCount": 3995,
    "actionSound": {
      "value": "entity.arrow.shoot"
    },
    "hasGlow": false,
    "animation": "bow",
    "enableMeleeDamage": false,
    "damageVsEntity": 0.0,
    "bulletPower": 2.91,
    "bulletDamage": 7.199000000000001,
    "bulletKnockback": 6,
    "bulletParticles": false,
    "bulletIgnitesFire": false,
    "bulletItemTexture": {
      "value": "CUSTOM:MixedOreIngot"
    },
    "bulletModel": "Default",
    "customBulletModelTexture": "",
    "onBulletHitsEntity": {
      "name": "Xg2"
    }
  }
}