{
  "_fv": 34,
  "_type": "recipe",
  "definition": {
    "recipeType": "Crafting",
    "xpReward": 0.0,
    "cookingTime": 200,
    "recipeRetstackSize": 1,
    "group": "",
    "recipeShapeless": false,
    "recipeSlots": [
      {
        "value": "Blocks.COAL_ORE"
      },
      {
        "value": "Blocks.EMERALD_ORE"
      },
      {
        "value": "Blocks.LAPIS_ORE"
      },
      {
        "value": "Blocks.COPPER_ORE"
      },
      {
        "value": "Blocks.DEEPSLATE"
      },
      {
        "value": "Blocks.REDSTONE_ORE"
      },
      {
        "value": "Blocks.IRON_ORE"
      },
      {
        "value": "Blocks.GOLD_ORE"
      },
      {
        "value": "Blocks.DIAMOND_ORE"
      }
    ],
    "recipeReturnStack": {
      "value": "CUSTOM:DeepslateMixedOre"
    },
    "name": "orerecipes_3",
    "namespace": "mod"
  }
}