{
	"credit": "Made with Blockbench",
	"parent": "sword",
	"textures": {
		"2": "texture",
		"3": "sword"
	},
	"elements": [
		{
			"from": [7, 0, 5],
			"to": [11, 2.25, 9],
			"faces": {
				"north": {"uv": [10.5, 0, 12.5, 1], "texture": "#3"},
				"east": {"uv": [9, 0, 11, 1], "texture": "#3"},
				"south": {"uv": [9, 0, 12.5, 1], "texture": "#3"},
				"west": {"uv": [10, 0, 12, 1], "texture": "#3"},
				"up": {"uv": [5.5, 10, 3.5, 8], "texture": "#3"},
				"down": {"uv": [5.5, 8, 3.5, 10], "texture": "#3"}
			}
		},
		{
			"from": [8, 1.75, 6],
			"to": [10, 9.25, 8],
			"faces": {
				"north": {"uv": [6.5, 8, 7.5, 12], "texture": "#3"},
				"east": {"uv": [7.5, 8, 8.5, 12], "texture": "#3"},
				"south": {"uv": [5.5, 8, 6.5, 12], "texture": "#3"},
				"west": {"uv": [6.5, 8, 8, 12], "texture": "#3"},
				"up": {"uv": [12, 1, 11, 0], "texture": "#3"},
				"down": {"uv": [12, 0, 11, 1], "texture": "#3"}
			}
		},
		{
			"from": [4.75, 9, 3],
			"to": [13.25, 10, 11.25],
			"faces": {
				"north": {"uv": [8.5, 0, 13, 0.5], "texture": "#3"},
				"east": {"uv": [8.5, 0, 12.5, 0.5], "texture": "#3"},
				"south": {"uv": [1.5, 12, 7.5, 12.5], "texture": "#3"},
				"west": {"uv": [8.5, 0.5, 12.5, 0], "texture": "#3"},
				"up": {"uv": [4.5, 4, 0, 0], "texture": "#3"},
				"down": {"uv": [4.5, 4, 0, 8], "texture": "#3"}
			}
		},
		{
			"from": [8.75, 25.5, 6.75],
			"to": [9.25, 26, 8.75],
			"faces": {
				"north": {"uv": [10, 10, 11, 11], "texture": "#2"},
				"east": {"uv": [9, 3, 11, 4], "texture": "#2"},
				"south": {"uv": [11, 0, 12, 1], "texture": "#2"},
				"west": {"uv": [9, 4, 11, 5], "texture": "#2"},
				"up": {"uv": [10, 10, 9, 8], "texture": "#2"},
				"down": {"uv": [11, 0, 10, 2], "texture": "#2"}
			}
		},
		{
			"from": [8.75, 10, 5.75],
			"to": [9.25, 25, 8.75],
			"faces": {
				"north": {"uv": [14, 1, 15, 16], "texture": "#2"},
				"east": {"uv": [11, 1, 14, 16], "texture": "#2"},
				"south": {"uv": [13, 1, 14, 16], "texture": "#2"},
				"west": {"uv": [13, 1, 16, 16], "texture": "#2"},
				"up": {"uv": [16, 8, 15, 5], "texture": "#2"},
				"down": {"uv": [16, 5, 15, 8], "texture": "#2"}
			}
		},
		{
			"from": [8.75, 25, 6.25],
			"to": [9.25, 25.5, 8.75],
			"faces": {
				"north": {"uv": [11, 1, 12, 2], "texture": "#2"},
				"east": {"uv": [8, 6, 11, 7], "texture": "#2"},
				"south": {"uv": [11, 3, 12, 4], "texture": "#2"},
				"west": {"uv": [8, 7, 11, 8], "texture": "#2"},
				"up": {"uv": [9, 11, 8, 8], "texture": "#2"},
				"down": {"uv": [10, 0, 9, 3], "texture": "#2"}
			}
		},
		{
			"from": [8.75, 26, 7.25],
			"to": [9.25, 26.5, 8.75],
			"faces": {
				"north": {"uv": [11, 4, 12, 5], "texture": "#2"},
				"east": {"uv": [9, 5, 11, 6], "texture": "#2"},
				"south": {"uv": [11, 5, 12, 6], "texture": "#2"},
				"west": {"uv": [10, 2, 12, 3], "texture": "#2"},
				"up": {"uv": [11, 10, 10, 8], "texture": "#2"},
				"down": {"uv": [10, 10, 9, 12], "texture": "#2"}
			}
		},
		{
			"from": [8.75, 27, 8.25],
			"to": [9.25, 27.5, 8.75],
			"faces": {
				"north": {"uv": [11, 6, 12, 7], "texture": "#2"},
				"east": {"uv": [11, 7, 12, 8], "texture": "#2"},
				"south": {"uv": [8, 11, 9, 12], "texture": "#2"},
				"west": {"uv": [11, 8, 12, 9], "texture": "#2"},
				"up": {"uv": [12, 10, 11, 9], "texture": "#2"},
				"down": {"uv": [11, 11, 10, 12], "texture": "#2"}
			}
		},
		{
			"from": [8.75, 26.5, 7.75],
			"to": [9.25, 27, 8.75],
			"faces": {
				"north": {"uv": [11, 10, 12, 11], "texture": "#2"},
				"east": {"uv": [11, 11, 12, 12], "texture": "#2"},
				"south": {"uv": [12, 0, 13, 1], "texture": "#2"},
				"west": {"uv": [12, 1, 13, 2], "texture": "#2"},
				"up": {"uv": [13, 3, 12, 2], "texture": "#2"},
				"down": {"uv": [13, 3, 12, 4], "texture": "#2"}
			}
		},
		{
			"from": [8.75, 27.5, 8.5],
			"to": [9.25, 28, 8.75],
			"faces": {
				"north": {"uv": [12, 4, 13, 5], "texture": "#2"},
				"east": {"uv": [12, 5, 13, 6], "texture": "#2"},
				"south": {"uv": [12, 6, 13, 7], "texture": "#2"},
				"west": {"uv": [12, 7, 13, 8], "texture": "#2"},
				"up": {"uv": [9, 13, 8, 12], "texture": "#2"},
				"down": {"uv": [13, 8, 12, 9], "texture": "#2"}
			}
		},
		{
			"from": [8.7, 10, 6.75],
			"to": [8.7, 25.25, 7.75],
			"faces": {
				"north": {"uv": [0, 0, 0, 16], "texture": "#2"},
				"east": {"uv": [0, 0, 1, 16], "texture": "#2"},
				"south": {"uv": [0, 0, 0, 16], "texture": "#2"},
				"west": {"uv": [1, 0, 2, 16], "texture": "#2"},
				"up": {"uv": [0, 1, 0, 0], "texture": "#2"},
				"down": {"uv": [0, 0, 0, 1], "texture": "#2"}
			}
		},
		{
			"from": [9.3, 10, 6.85],
			"to": [9.3, 25.25, 7.85],
			"faces": {
				"north": {"uv": [0, 0, 0, 16], "texture": "#2"},
				"east": {"uv": [2, 0, 3, 16], "texture": "#2"},
				"south": {"uv": [0, 0, 0, 16], "texture": "#2"},
				"west": {"uv": [3, 0, 4, 16], "texture": "#2"},
				"up": {"uv": [0, 1, 0, 0], "texture": "#2"},
				"down": {"uv": [0, 0, 0, 1], "texture": "#2"}
			}
		},
		{
			"from": [8.9, 10, 8.8],
			"to": [9.15, 27.25, 8.8],
			"faces": {
				"north": {"uv": [4, 0, 5, 16], "texture": "#2"},
				"east": {"uv": [0, 0, 0, 16], "texture": "#2"},
				"south": {"uv": [5, 0, 6, 16], "texture": "#2"},
				"west": {"uv": [0, 0, 0, 16], "texture": "#2"},
				"up": {"uv": [1, 0, 0, 0], "texture": "#2"},
				"down": {"uv": [1, 0, 0, 0], "texture": "#2"}
			}
		},
		{
			"from": [8.9, 10, 5.71],
			"to": [9.15, 24.25, 5.71],
			"faces": {
				"north": {"uv": [6, 0, 7, 16], "texture": "#2"},
				"east": {"uv": [0, 0, 0, 16], "texture": "#2"},
				"south": {"uv": [7, 0, 8, 16], "texture": "#2"},
				"west": {"uv": [0, 0, 0, 16], "texture": "#2"},
				"up": {"uv": [1, 0, 0, 0], "texture": "#2"},
				"down": {"uv": [1, 0, 0, 0], "texture": "#2"}
			}
		}
	],
	"display": {
		"thirdperson_righthand": {
			"translation": [-1.75, 9.75, 4.25],
			"scale": [1.72266, 2.70508, 1.82813]
		},
		"thirdperson_lefthand": {
			"translation": [1.75, 9.75, 4.25],
			"scale": [1.72266, 2.70508, 1.82813]
		},
		"firstperson_righthand": {
			"rotation": [-23.7, 3.9, -5.68],
			"translation": [11.25, -10.5, -11],
			"scale": [1.72266, 2.70508, 1.82813]
		},
		"firstperson_lefthand": {
			"rotation": [-23.7, 3.9, -5.68],
			"translation": [11.25, -10.5, -11],
			"scale": [1.72266, 2.70508, 1.82813]
		},
		"ground": {
			"translation": [0, 20.25, 0],
			"scale": [1.72266, 2.70508, 1.82813]
		},
		"gui": {
			"rotation": [-94.83, -43.44, -93.33],
			"translation": [-2.5, -2.75, 0],
			"scale": [0.66211, 0.71094, 0.66211]
		},
		"head": {
			"rotation": [-90, 0, -89.75],
			"translation": [-13.5, 0.25, 0],
			"scale": [1.72266, 2.70508, 1.82813]
		},
		"fixed": {
			"rotation": [88.27, -42.96, 88.82],
			"translation": [2.75, -3, -1],
			"scale": [0.75195, 0.75195, 0.75195]
		}
	},
	"groups": [
		{
			"name": "sword",
			"origin": [8, 8, 8],
			"color": 0,
			"children": [0, 1, 2, 3, 4, 5, 6, 7, 8, 9]
		},
		{
			"name": "light",
			"origin": [0, 0, 0],
			"color": 0,
			"children": [10, 11, 12, 13]
		}
	]
}